date,temp_max,temp_min,precipitation,rain,sunshine_hours
2023-01-01,21.5,19.5,3.1,3.1,0.0
2023-01-02,22.2,20.1,13.6,13.6,1.1366361111111112
2023-01-03,21.9,20.8,18.5,18.5,0.0
2023-01-04,22.5,21.0,8.4,8.4,0.0
2023-01-05,23.4,21.9,2.5,2.5,2.726297222222222
2023-01-06,22.5,20.8,6.7,6.7,2.132311111111111
2023-01-07,22.0,20.4,4.2,4.2,0.6295
2023-01-08,21.9,20.2,1.2,1.2,0.0
2023-01-09,23.8,20.8,12.5,12.5,1.311213888888889
2023-01-10,24.4,20.5,2.3,2.3,5.060155555555556
2023-01-11,24.8,19.0,0.1,0.1,8.049758333333333
2023-01-12,25.0,20.1,0.0,0.0,10.184883333333334
2023-01-13,24.8,21.2,0.0,0.0,10.082816666666666
2023-01-14,26.9,19.0,0.0,0.0,10.872055555555557
2023-01-15,26.4,19.2,0.2,0.2,10.57778888888889
2023-01-16,22.6,19.8,23.5,23.5,0.15216944444444444
2023-01-17,22.0,19.6,17.1,17.1,0.0
2023-01-18,21.2,19.5,4.1,4.1,0.43419166666666664
2023-01-19,22.0,19.1,1.2,1.2,7.153580555555555
2023-01-20,22.4,18.4,1.5,1.5,9.230819444444444
2023-01-21,22.2,19.7,0.0,0.0,0.9991944444444444
2023-01-22,23.9,20.0,0.2,0.2,10.32138611111111
2023-01-23,24.7,19.7,0.1,0.1,10.172658333333333
2023-01-24,22.8,19.0,26.1,26.1,0.0
2023-01-25,21.0,18.7,0.7,0.7,5.700055555555556
2023-01-26,22.0,18.6,0.7,0.7,9.680505555555555
2023-01-27,22.1,19.8,18.2,18.2,2.0
2023-01-28,19.6,17.3,15.5,15.5,0.0
2023-01-29,20.2,17.2,5.0,5.0,9.518675000000002
2023-01-30,19.5,17.2,0.0,0.0,7.1215
2023-01-31,21.5,15.1,0.0,0.0,7.455272222222222
2023-02-01,23.5,17.2,0.0,0.0,10.882716666666667
2023-02-02,23.9,19.5,3.5,3.5,2.8975222222222223
2023-02-03,25.0,21.0,0.6,0.6,10.286069444444443
2023-02-04,25.3,20.5,0.1,0.1,9.326291666666666
2023-02-05,25.5,21.8,0.4,0.4,10.360363888888887
2023-02-06,25.3,20.5,0.0,0.0,10.491697222222223
2023-02-07,25.9,22.0,0.1,0.1,10.414072222222224
2023-02-08,26.1,22.9,0.1,0.1,9.741661111111112
2023-02-09,25.9,22.7,0.0,0.0,10.536283333333333
2023-02-10,26.5,22.9,0.3,0.3,11.081980555555555
2023-02-11,26.4,22.0,0.0,0.0,11.071311111111111
2023-02-12,26.7,22.4,0.0,0.0,10.792797222222221
2023-02-13,27.1,22.8,0.0,0.0,11.294877777777778
2023-02-14,25.8,22.9,4.6,4.6,7.727163888888889
2023-02-15,23.6,21.6,14.2,14.2,1.2024777777777778
2023-02-16,23.8,21.1,7.0,7.0,9.955344444444444
2023-02-17,23.8,20.6,6.7,6.7,10.360919444444443
2023-02-18,23.9,20.8,2.1,2.1,10.766605555555556
2023-02-19,24.5,20.8,3.0,3.0,10.7939
2023-02-20,25.0,20.6,2.9,2.9,9.904102777777776
2023-02-21,23.7,20.2,5.2,5.2,10.04191111111111
2023-02-22,23.0,19.5,4.1,4.1,7.727880555555555
2023-02-23,24.9,20.0,3.7,3.7,10.815219444444445
2023-02-24,24.0,17.3,0.9,0.9,11.432288888888888
2023-02-25,23.0,20.0,8.4,8.4,7.4625
2023-02-26,22.3,19.5,11.0,11.0,9.087144444444444
2023-02-27,21.5,19.8,19.8,19.8,0.0
2023-02-28,23.1,20.8,19.6,19.6,0.9227611111111111
2023-03-01,24.1,20.2,7.2,7.2,9.382797222222223
2023-03-02,23.9,20.0,1.7,1.7,11.363211111111111
2023-03-03,24.4,18.0,1.4,1.4,10.501338888888888
2023-03-04,24.1,20.5,3.2,3.2,11.478502777777777
2023-03-05,24.0,18.6,4.6,4.6,11.670441666666665
2023-03-06,24.0,18.1,0.3,0.3,11.480297222222221
2023-03-07,24.9,19.5,2.4,2.4,10.451622222222221
2023-03-08,24.5,17.0,0.0,0.0,11.805877777777779
2023-03-09,24.3,18.5,0.4,0.4,9.873225
2023-03-10,24.8,18.0,0.0,0.0,11.836272222222222
2023-03-11,25.3,19.0,0.0,0.0,11.8515
2023-03-12,24.8,20.6,0.7,0.7,11.337905555555555
2023-03-13,24.5,21.6,3.4,3.4,10.342866666666666
2023-03-14,23.5,20.9,3.0,3.0,7.9795388888888885
2023-03-15,25.5,20.5,0.2,0.2,11.620602777777778
2023-03-16,25.6,21.2,1.4,1.4,11.242447222222221
2023-03-17,26.1,21.2,0.3,0.3,11.010133333333334
2023-03-18,25.9,22.1,1.5,1.5,10.760641666666666
2023-03-19,26.6,22.9,0.0,0.0,11.645713888888888
2023-03-20,28.0,22.6,0.0,0.0,11.554733333333333
2023-03-21,29.4,22.9,0.0,0.0,11.909322222222222
2023-03-22,30.1,23.7,0.0,0.0,11.91201388888889
2023-03-23,31.2,24.2,0.0,0.0,11.914630555555554
2023-03-24,28.9,24.5,0.0,0.0,11.917183333333334
2023-03-25,28.9,24.4,0.0,0.0,11.820152777777778
2023-03-26,28.4,23.8,0.0,0.0,11.537402777777778
2023-03-27,29.1,24.9,1.8,1.8,10.928302777777777
2023-03-28,27.0,24.1,2.4,2.4,10.882136111111112
2023-03-29,26.8,24.4,3.1,3.1,11.285383333333332
2023-03-30,26.9,24.2,1.1,1.1,11.337608333333334
2023-03-31,28.0,25.0,0.6,0.6,9.571241666666667
2023-04-01,28.5,24.5,0.1,0.1,10.28056111111111
2023-04-02,29.0,24.4,0.0,0.0,9.0
2023-04-03,29.7,24.3,0.0,0.0,11.263483333333333
2023-04-04,30.9,24.6,0.0,0.0,11.59655
2023-04-05,32.1,25.1,0.0,0.0,11.946680555555556
2023-04-06,31.6,25.7,0.2,0.2,11.949375
2023-04-07,29.1,25.4,0.9,0.9,11.952152777777778
2023-04-08,28.7,25.2,4.3,4.3,11.852883333333333
2023-04-09,27.5,23.4,1.8,1.8,11.957897222222222
2023-04-10,28.5,23.7,0.0,0.0,11.960783333333334
2023-04-11,29.6,25.1,0.0,0.0,11.963683333333334
2023-04-12,28.6,24.5,2.0,2.0,11.243294444444444
2023-04-13,29.2,25.6,0.1,0.1,11.759325
2023-04-14,29.5,26.0,0.1,0.1,10.388847222222221
2023-04-15,29.5,25.5,2.5,2.5,11.725152777777778
2023-04-16,28.1,24.3,0.9,0.9,7.889894444444444
2023-04-17,30.4,25.3,0.1,0.1,10.369344444444444
2023-04-18,31.9,25.5,0.0,0.0,11.984833333333334
2023-04-19,36.6,26.1,0.0,0.0,11.988047222222223
2023-04-20,37.0,26.3,0.0,0.0,11.991327777777778
2023-04-21,38.3,26.5,4.8,4.8,11.181111111111111
2023-04-22,32.0,26.2,0.0,0.0,11.998108333333334
2023-04-23,31.6,26.6,0.0,0.0,10.30503888888889
2023-04-24,29.5,26.4,0.0,0.0,11.877283333333335
2023-04-25,28.9,25.9,1.9,1.9,11.739922222222223
2023-04-26,28.2,24.4,3.7,3.7,11.765233333333333
2023-04-27,28.4,24.3,0.8,0.8,12.0
2023-04-28,29.5,25.2,0.2,0.2,11.165958333333332
2023-04-29,29.5,25.2,0.1,0.1,12.072877777777778
2023-04-30,28.8,24.5,1.1,1.1,11.0006
2023-05-01,28.1,24.6,0.4,0.4,12.0
2023-05-02,29.0,24.8,0.0,0.0,12.0619
2023-05-03,30.6,25.1,0.1,0.1,12.196077777777777
2023-05-04,31.5,25.6,0.0,0.0,12.192908333333333
2023-05-05,33.2,25.9,0.0,0.0,12.189838888888888
2023-05-06,33.5,27.1,0.0,0.0,12.186875
2023-05-07,34.2,28.0,0.0,0.0,12.25326111111111
2023-05-08,32.9,27.3,0.0,0.0,12.31996111111111
2023-05-09,28.9,26.4,2.7,2.7,10.652330555555555
2023-05-10,29.9,25.8,19.2,19.2,10.371222222222222
2023-05-11,29.3,25.7,5.2,5.2,10.708725000000001
2023-05-12,29.4,25.9,12.1,12.1,9.247569444444444
2023-05-13,28.9,25.8,4.0,4.0,7.140127777777778
2023-05-14,29.1,25.7,0.8,0.8,12.20928888888889
2023-05-15,30.5,25.0,6.5,6.5,11.27096388888889
2023-05-16,32.0,25.5,0.2,0.2,11.756955555555555
2023-05-17,35.8,25.9,0.1,0.1,12.302458333333332
2023-05-18,36.0,26.1,0.0,0.0,12.371516666666666
2023-05-19,36.3,26.8,0.0,0.0,12.440916666666668
2023-05-20,34.7,27.4,0.0,0.0,12.440069444444445
2023-05-21,33.6,27.5,0.0,0.0,12.510024999999999
2023-05-22,35.2,28.0,0.0,0.0,12.226486111111111
2023-05-23,36.0,28.5,0.0,0.0,12.580030555555556
2023-05-24,34.5,27.2,2.0,2.0,10.579880555555555
2023-05-25,32.8,26.5,2.9,2.9,9.43297222222222
2023-05-26,32.2,26.7,2.2,2.2,12.508761111111111
2023-05-27,32.0,25.7,0.5,0.5,12.508838888888889
2023-05-28,30.4,26.1,5.1,5.1,12.17966111111111
2023-05-29,30.8,25.5,1.9,1.9,12.223733333333334
2023-05-30,31.2,25.9,0.0,0.0,12.581091666666667
2023-05-31,32.8,26.1,0.0,0.0,12.581608333333334
2023-06-01,35.0,27.5,0.0,0.0,12.653825
2023-06-02,35.7,27.9,0.0,0.0,12.582858333333334
2023-06-03,35.8,27.8,0.3,0.3,12.583586111111112
2023-06-04,33.4,26.0,7.2,7.2,12.512541666666667
2023-06-05,32.2,26.4,2.5,2.5,10.721088888888888
2023-06-06,30.4,25.9,15.2,15.2,8.785847222222221
2023-06-07,30.9,26.0,8.0,8.0,8.841099999999999
2023-06-08,30.2,26.4,5.2,5.2,9.210272222222223
2023-06-09,31.9,26.6,19.0,19.0,12.372863888888888
2023-06-10,33.7,26.5,1.5,1.5,12.08535
2023-06-11,34.1,27.0,2.9,2.9,11.883425
2023-06-12,34.9,27.4,0.1,0.1,10.94443888888889
2023-06-13,36.0,28.7,0.0,0.0,12.0
2023-06-14,34.8,28.3,0.0,0.0,12.090211111111111
2023-06-15,33.8,28.4,0.0,0.0,11.091675
2023-06-16,35.8,28.0,2.2,2.2,11.633527777777777
2023-06-17,33.2,26.8,1.2,1.2,12.384341666666666
2023-06-18,34.5,27.1,0.7,0.7,12.024113888888888
2023-06-19,34.0,27.0,0.1,0.1,12.315463888888889
2023-06-20,33.7,27.4,0.0,0.0,12.534527777777779
2023-06-21,34.4,27.4,0.0,0.0,12.536377777777778
2023-06-22,35.7,27.9,0.0,0.0,12.538233333333332
2023-06-23,35.3,27.8,0.9,0.9,12.540075
2023-06-24,33.5,28.0,1.4,1.4,12.179816666666666
2023-06-25,34.1,27.5,2.6,2.6,12.036855555555556
2023-06-26,32.0,26.6,1.8,1.8,12.289716666666667
2023-06-27,31.8,26.2,3.6,3.6,12.0
2023-06-28,33.6,25.2,1.5,1.5,12.404275
2023-06-29,34.2,26.1,0.6,0.6,12.406122222222223
2023-06-30,36.5,26.0,0.8,0.8,12.408027777777779
2023-07-01,36.5,26.8,15.8,15.8,11.409975000000001
2023-07-02,36.5,26.2,4.4,4.4,11.95486111111111
2023-07-03,35.5,26.4,0.2,0.2,8.226827777777778
2023-07-04,34.7,26.8,1.4,1.4,12.0
2023-07-05,34.3,26.0,0.0,0.0,12.0
2023-07-06,34.8,26.3,0.0,0.0,12.34811388888889
2023-07-07,34.0,27.0,0.0,0.0,12.278255555555555
2023-07-08,34.7,27.2,0.8,0.8,12.280436111111111
2023-07-09,34.5,27.2,0.7,0.7,12.28261388888889
2023-07-10,34.0,26.1,0.0,0.0,12.284772222222223
2023-07-11,34.8,26.2,0.0,0.0,12.286905555555556
2023-07-12,35.3,27.0,1.0,1.0,12.002333333333334
2023-07-13,35.8,26.9,0.0,0.0,12.291077777777778
2023-07-14,36.0,25.9,5.4,5.4,12.221572222222223
2023-07-15,34.8,25.9,0.3,0.3,12.223608333333333
2023-07-16,33.5,26.8,7.1,7.1,7.984388888888889
2023-07-17,31.0,26.9,1.2,1.2,1.8746944444444444
2023-07-18,36.0,27.2,0.0,0.0,10.820094444444443
2023-07-19,34.5,27.2,10.8,10.8,12.0
2023-07-20,33.0,26.6,1.6,1.6,12.16206388888889
2023-07-21,32.2,25.9,3.4,3.4,11.090858333333331
2023-07-22,31.7,26.4,8.8,8.8,12.09508611111111
2023-07-23,31.9,25.7,6.5,6.5,12.097097222222223
2023-07-24,32.2,25.0,5.6,5.6,12.0
2023-07-25,32.3,25.0,1.7,1.7,12.101061111111111
2023-07-26,34.0,25.4,0.8,0.8,12.10301111111111
2023-07-27,37.0,25.2,0.0,0.0,11.0
2023-07-28,37.8,27.8,4.0,4.0,12.0
2023-07-29,36.0,26.9,6.7,6.7,12.108697222222222
2023-07-30,34.3,27.4,7.5,7.5,12.040477777777777
2023-07-31,34.2,27.2,0.5,0.5,11.750366666666666
2023-08-01,34.2,27.5,0.1,0.1,5.975611111111111
2023-08-02,32.8,26.6,5.9,5.9,4.084675
2023-08-03,32.8,26.9,0.2,0.2,2.0968722222222222
2023-08-04,32.2,28.5,0.6,0.6,3.9881583333333337
2023-08-05,37.5,27.6,0.0,0.0,12.0
2023-08-06,38.3,27.9,0.0,0.0,12.0
2023-08-07,38.5,27.9,0.0,0.0,12.0
2023-08-08,38.8,27.2,0.1,0.1,12.055716666666667
2023-08-09,39.7,28.0,0.0,0.0,12.0
2023-08-10,39.0,28.1,0.3,0.3,12.0
2023-08-11,38.2,27.6,1.5,1.5,12.05988611111111
2023-08-12,38.1,29.5,0.3,0.3,12.0
2023-08-13,38.7,28.7,2.7,2.7,11.895555555555555
2023-08-14,38.0,28.4,2.9,2.9,12.0
2023-08-15,37.2,27.5,1.4,1.4,12.0
2023-08-16,35.4,27.2,1.4,1.4,12.0
2023-08-17,35.7,26.8,0.4,0.4,12.0
2023-08-18,35.8,26.6,0.2,0.2,12.000111111111112
2023-08-19,35.5,26.8,0.6,0.6,12.001269444444445
2023-08-20,34.8,26.6,0.9,0.9,12.0
2023-08-21,35.0,26.4,1.9,1.9,12.0
2023-08-22,32.8,26.2,1.4,1.4,12.0
2023-08-23,35.1,26.5,2.1,2.1,12.0
2023-08-24,34.8,26.9,21.9,21.9,11.1261
2023-08-25,34.8,26.3,0.9,0.9,11.720925000000001
2023-08-26,36.4,27.2,2.3,2.3,12.0
2023-08-27,37.6,27.4,0.0,0.0,12.0
2023-08-28,37.3,26.5,5.4,5.4,12.005619444444445
2023-08-29,33.4,25.8,12.2,12.2,6.807216666666666
2023-08-30,32.6,26.0,4.2,4.2,8.330416666666666
2023-08-31,29.1,25.6,10.8,10.8,3.1162888888888887
2023-09-01,32.6,26.2,0.1,0.1,10.946444444444444
2023-09-02,35.5,24.9,0.0,0.0,11.933816666666667
2023-09-03,36.3,25.6,9.4,9.4,11.921052777777778
2023-09-04,33.0,25.6,2.4,2.4,11.908175
2023-09-05,32.2,25.5,2.8,2.8,11.158772222222222
2023-09-06,30.9,25.5,1.6,1.6,8.179494444444444
2023-09-07,31.9,25.5,5.7,5.7,11.500475
2023-09-08,31.4,26.0,5.1,5.1,8.478125
2023-09-09,32.5,25.4,6.2,6.2,11.1789
2023-09-10,34.2,25.2,10.4,10.4,10.279163888888888
2023-09-11,33.3,25.5,0.0,0.0,10.965530555555556
2023-09-12,34.3,26.2,0.8,0.8,9.950652777777778
2023-09-13,34.0,26.1,1.4,1.4,10.070741666666667
2023-09-14,30.6,25.6,9.4,9.4,7.086286111111112
2023-09-15,29.8,25.1,4.8,4.8,5.844425
2023-09-16,30.2,24.5,8.4,8.4,11.056272222222223
2023-09-17,30.3,25.1,2.1,2.1,8.305252777777778
2023-09-18,31.1,25.4,1.4,1.4,11.43488611111111
2023-09-19,32.0,24.8,1.6,1.6,11.707158333333332
2023-09-20,32.6,25.3,0.8,0.8,11.698105555555555
2023-09-21,31.7,25.8,2.0,2.0,11.587547222222222
2023-09-22,31.9,26.1,0.9,0.9,11.594275
2023-09-23,32.4,25.7,1.0,1.0,11.468225
2023-09-24,30.2,26.2,8.7,8.7,7.160155555555556
2023-09-25,26.6,24.9,61.4,61.4,0.0
2023-09-26,31.1,25.2,11.7,11.7,9.526511111111112
2023-09-27,31.9,24.9,16.3,16.3,11.002958333333334
2023-09-28,29.4,24.9,17.2,17.2,5.017097222222222
2023-09-29,29.9,25.2,3.9,3.9,10.363249999999999
2023-09-30,30.3,25.2,1.9,1.9,11.18351388888889
2023-10-01,30.6,24.8,2.2,2.2,11.123611111111112
2023-10-02,30.5,25.5,1.9,1.9,11.0
2023-10-03,29.1,25.6,11.8,11.8,6.883469444444445
2023-10-04,29.9,25.4,6.3,6.3,9.998402777777779
2023-10-05,31.3,25.1,0.6,0.6,11.082519444444443
2023-10-06,31.5,24.9,1.8,1.8,11.0
2023-10-07,31.8,25.2,11.6,11.6,10.620391666666668
2023-10-08,30.6,25.4,2.5,2.5,11.0
2023-10-09,27.3,24.3,39.3,39.3,0.8147944444444445
2023-10-10,28.4,25.0,28.0,28.0,3.112636111111111
2023-10-11,29.1,24.5,9.8,9.8,9.174477777777778
2023-10-12,26.2,24.6,50.9,50.9,0.0943888888888889
2023-10-13,26.2,24.5,104.4,104.4,0.165375
2023-10-14,25.7,25.1,129.9,129.9,0.0
2023-10-15,26.5,24.9,75.5,75.5,0.3004222222222222
2023-10-16,27.0,24.6,32.5,32.5,0.0
2023-10-17,26.1,24.7,46.1,46.1,0.0
2023-10-18,27.2,24.2,17.2,17.2,0.0
2023-10-19,29.5,23.9,3.8,3.8,10.47795
2023-10-20,30.5,24.0,1.6,1.6,11.0
2023-10-21,28.0,24.1,9.7,9.7,10.797858333333334
2023-10-22,28.7,23.2,0.4,0.4,11.0
2023-10-23,26.5,24.4,35.4,35.4,1.9723305555555557
2023-10-24,27.5,24.0,9.8,9.8,7.562097222222222
2023-10-25,28.5,24.6,7.8,7.8,10.514658333333333
2023-10-26,28.8,24.4,1.5,1.5,10.523091666666666
2023-10-27,29.2,24.0,1.8,1.8,11.0
2023-10-28,29.5,23.5,2.7,2.7,11.0
2023-10-29,28.4,24.5,18.9,18.9,10.07216388888889
2023-10-30,26.2,24.1,24.1,24.1,0.14191944444444446
2023-10-31,27.4,24.1,25.9,25.9,5.747455555555556
2023-11-01,27.8,24.5,28.0,28.0,4.138325
2023-11-02,27.4,24.3,13.2,13.2,8.55315
2023-11-03,28.9,23.9,5.1,5.1,10.821547222222222
2023-11-04,29.0,23.1,2.5,2.5,11.0
2023-11-05,29.3,24.7,2.7,2.7,10.372841666666668
2023-11-06,29.0,24.0,7.3,7.3,11.0
2023-11-07,27.8,24.0,10.9,10.9,7.876738888888888
2023-11-08,28.6,24.4,10.6,10.6,8.272205555555555
2023-11-09,29.0,24.3,0.6,0.6,11.0
2023-11-10,29.1,23.8,1.8,1.8,11.0
2023-11-11,29.1,24.2,1.8,1.8,11.0
2023-11-12,28.1,24.2,5.3,5.3,10.409013888888888
2023-11-13,26.3,24.0,43.2,43.2,0.18175
2023-11-14,25.8,23.6,63.7,63.7,0.8465333333333334
2023-11-15,26.5,24.4,22.6,22.6,4.675316666666666
2023-11-16,28.0,23.9,32.6,32.6,9.916963888888889
2023-11-17,24.4,21.4,25.4,25.4,5.2801527777777775
2023-11-18,24.7,19.9,0.4,0.4,9.177572222222222
2023-11-19,24.2,21.4,4.6,4.6,1.1464833333333333
2023-11-20,26.1,21.5,4.7,4.7,8.933397222222222
2023-11-21,26.8,22.1,0.5,0.5,10.015783333333333
2023-11-22,25.8,21.0,4.7,4.7,5.122688888888889
2023-11-23,27.6,22.2,1.8,1.8,10.63673611111111
2023-11-24,26.8,22.3,0.8,0.8,7.5107027777777775
2023-11-25,25.6,23.2,34.4,34.4,2.4474583333333335
2023-11-26,26.6,24.4,9.6,9.6,3.587336111111111
2023-11-27,26.4,22.0,0.6,0.6,11.0
2023-11-28,25.8,21.4,0.5,0.5,9.22792222222222
2023-11-29,26.0,22.9,8.4,8.4,5.868205555555556
2023-11-30,27.0,23.2,18.3,18.3,8.721758333333334
2023-12-01,25.7,23.2,64.6,64.6,5.751363888888889
2023-12-02,26.8,23.9,20.4,20.4,7.100397222222222
2023-12-03,26.4,23.6,21.1,21.1,7.543633333333334
2023-12-04,26.4,24.0,5.5,5.5,5.376338888888889
2023-12-05,26.7,22.9,2.4,2.4,10.0
2023-12-06,27.2,22.2,0.9,0.9,10.493469444444443
2023-12-07,24.1,22.4,18.9,18.9,0.0
2023-12-08,26.2,21.1,0.0,0.0,10.897744444444443
2023-12-09,27.1,19.7,0.1,0.1,10.888005555555555
2023-12-10,27.1,19.9,0.0,0.0,10.80926111111111
2023-12-11,27.7,21.1,0.0,0.0,10.44748888888889
2023-12-12,26.9,21.1,1.3,1.3,10.858633333333334
2023-12-13,26.9,21.8,3.0,3.0,10.605194444444443
2023-12-14,27.8,21.1,0.4,0.4,10.536863888888888
2023-12-15,27.6,22.9,0.2,0.2,10.252363888888889
2023-12-16,27.6,22.9,4.4,4.4,10.820133333333334
2023-12-17,25.4,23.1,23.0,23.0,2.810080555555556
2023-12-18,26.0,22.7,6.8,6.8,9.698725000000001
2023-12-19,25.9,22.2,4.4,4.4,9.309958333333332
2023-12-20,24.5,21.5,31.2,31.2,7.359883333333334
2023-12-21,22.0,19.8,18.2,18.2,0.0
2023-12-22,20.5,18.5,24.0,24.0,0.0
2023-12-23,20.8,18.7,13.2,13.2,0.0
2023-12-24,20.9,19.6,7.0,7.0,0.0
2023-12-25,21.8,19.0,5.3,5.3,3.6337444444444444
2023-12-26,22.8,19.7,4.3,4.3,1.0538722222222223
2023-12-27,22.6,21.1,29.1,29.1,0.0
2023-12-28,24.5,21.4,62.2,62.2,4.215730555555555
2023-12-29,24.8,22.2,13.3,13.3,3.0576444444444446
2023-12-30,25.6,23.1,2.4,2.4,8.367305555555555
2023-12-31,25.5,22.4,3.9,3.9,9.121550000000001
2024-01-01,25.3,21.6,2.7,2.7,8.974433333333334
2024-01-02,24.5,22.4,3.4,3.4,5.634622222222222
2024-01-03,24.9,21.5,3.8,3.8,9.58813888888889
2024-01-04,25.0,20.6,6.5,6.5,10.318675
2024-01-05,25.2,19.3,2.7,2.7,9.205091666666668
2024-01-06,25.0,20.7,3.3,3.3,4.6177472222222224
2024-01-07,24.5,21.0,3.8,3.8,9.055919444444445
2024-01-08,25.0,21.6,2.5,2.5,9.534555555555556
2024-01-09,25.3,18.8,0.0,0.0,10.327316666666666
2024-01-10,25.9,21.3,1.8,1.8,10.110575
2024-01-11,25.6,23.2,1.0,1.0,10.0
2024-01-12,25.6,21.0,1.4,1.4,10.048430555555555
2024-01-13,24.8,20.0,4.0,4.0,10.115441666666666
2024-01-14,25.3,20.2,4.6,4.6,10.0
2024-01-15,25.0,19.6,4.0,4.0,10.330897222222223
2024-01-16,25.5,20.4,6.4,6.4,10.027738888888889
2024-01-17,25.4,19.7,1.5,1.5,10.280899999999999
2024-01-18,25.3,20.5,2.5,2.5,8.160566666666666
2024-01-19,25.3,19.2,0.2,0.2,10.69961111111111
2024-01-20,25.5,19.0,0.0,0.0,10.764363888888889
2024-01-21,25.4,17.6,0.0,0.0,10.75751111111111
2024-01-22,25.8,19.3,0.3,0.3,10.322558333333333
2024-01-23,21.5,19.9,14.0,14.0,0.0
2024-01-24,20.5,19.4,36.4,36.4,0.0051444444444444445
2024-01-25,22.1,20.2,23.1,23.1,0.12492777777777778
2024-01-26,23.9,19.4,15.7,15.7,2.0
2024-01-27,24.0,20.0,4.5,4.5,8.337169444444445
2024-01-28,23.4,19.8,1.7,1.7,10.036119444444443
2024-01-29,23.9,20.1,0.3,0.3,8.979002777777778
2024-01-30,24.7,18.4,0.4,0.4,7.976055555555555
2024-01-31,25.9,18.7,0.0,0.0,10.61202777777778
2024-02-01,26.3,20.4,0.0,0.0,10.674525000000001
2024-02-02,26.1,20.7,0.2,0.2,9.002316666666667
2024-02-03,26.6,21.1,0.0,0.0,10.868208333333333
2024-02-04,26.8,21.4,0.0,0.0,10.510525
2024-02-05,27.4,21.9,0.2,0.2,10.711563888888888
2024-02-06,27.0,23.1,0.1,0.1,10.022769444444444
2024-02-07,27.4,23.4,0.2,0.2,10.508513888888888
2024-02-08,27.1,22.6,2.5,2.5,5.8204666666666665
2024-02-09,25.0,21.2,1.6,1.6,7.245913888888889
2024-02-10,22.1,20.1,2.3,2.3,0.02758333333333333
2024-02-11,22.4,19.4,3.7,3.7,5.062344444444444
2024-02-12,24.1,20.0,0.2,0.2,8.787886111111112
2024-02-13,24.5,19.1,1.6,1.6,10.572272222222223
2024-02-14,25.0,20.4,1.3,1.3,9.427444444444445
2024-02-15,25.0,21.7,2.0,2.0,6.231675
2024-02-16,25.1,19.5,1.6,1.6,10.751041666666667
2024-02-17,25.3,18.9,0.0,0.0,11.289116666666667
2024-02-18,26.7,20.3,0.0,0.0,11.504016666666667
2024-02-19,27.5,21.2,0.0,0.0,11.299494444444445
2024-02-20,28.4,22.7,0.2,0.2,9.027219444444444
2024-02-21,28.6,22.8,0.0,0.0,11.299780555555555
2024-02-22,28.6,23.2,0.2,0.2,10.581933333333334
2024-02-23,26.8,23.4,0.5,0.5,8.331486111111111
2024-02-24,26.5,22.6,2.4,2.4,11.230794444444445
2024-02-25,26.5,20.7,2.9,2.9,10.94035
2024-02-26,26.2,21.6,1.3,1.3,10.593016666666667
2024-02-27,25.4,22.5,3.9,3.9,6.32735
2024-02-28,26.8,20.9,2.0,2.0,10.96216388888889
2024-02-29,26.6,19.9,0.9,0.9,11.377291666666666
2024-03-01,25.5,21.7,3.4,3.4,8.899577777777777
2024-03-02,22.3,21.0,7.3,7.3,0.0039250000000000005
2024-03-03,25.5,20.8,0.1,0.1,5.130166666666666
2024-03-04,28.1,20.7,0.0,0.0,11.75763888888889
2024-03-05,32.0,22.3,0.0,0.0,11.772733333333333
2024-03-06,33.7,23.3,0.0,0.0,11.76261388888889
2024-03-07,27.2,23.2,0.1,0.1,11.647297222222221
2024-03-08,26.6,22.3,3.6,3.6,7.8434388888888895
2024-03-09,27.3,22.5,1.7,1.7,11.089727777777776
2024-03-10,27.4,22.9,5.2,5.2,10.813877777777778
2024-03-11,27.5,22.1,0.5,0.5,11.072858333333334
2024-03-12,26.7,20.9,0.0,0.0,11.859627777777778
2024-03-13,27.2,21.6,0.2,0.2,11.756016666666667
2024-03-14,28.0,24.0,0.1,0.1,9.690980555555555
2024-03-15,27.7,24.3,1.0,1.0,7.860180555555556
2024-03-16,28.8,23.0,0.0,0.0,9.605408333333333
2024-03-17,28.4,22.6,0.0,0.0,11.900830555555554
2024-03-18,28.6,23.4,0.0,0.0,11.489627777777779
2024-03-19,28.6,23.9,2.1,2.1,11.556238888888888
2024-03-20,25.4,23.5,7.3,7.3,5.9514000000000005
2024-03-21,26.2,22.8,3.9,3.9,10.542655555555555
2024-03-22,28.2,21.2,0.0,0.0,11.913741666666667
2024-03-23,29.4,23.4,0.0,0.0,11.916180555555556
2024-03-24,29.5,23.5,0.0,0.0,11.472469444444444
2024-03-25,29.2,24.1,0.0,0.0,11.36011388888889
2024-03-26,29.1,24.6,0.3,0.3,11.674830555555555
2024-03-27,29.3,24.1,0.7,0.7,11.802238888888889
2024-03-28,30.3,23.5,0.5,0.5,10.80765
2024-03-29,29.5,24.5,0.3,0.3,5.508080555555556
2024-03-30,31.1,25.2,0.4,0.4,8.793141666666667
2024-03-31,32.7,24.9,0.0,0.0,11.598872222222223
2024-04-01,34.3,25.0,0.0,0.0,11.938566666666667
2024-04-02,34.0,25.0,0.0,0.0,11.9413
2024-04-03,33.0,25.2,0.0,0.0,11.944019444444445
2024-04-04,32.1,25.8,0.0,0.0,11.946719444444446
2024-04-05,31.1,25.5,0.0,0.0,11.795575
2024-04-06,30.9,25.2,0.1,0.1,11.952088888888888
2024-04-07,31.1,25.0,0.0,0.0,11.954775000000001
2024-04-08,31.5,25.2,0.0,0.0,11.957469444444444
2024-04-09,30.1,25.7,0.3,0.3,11.539855555555556
2024-04-10,30.9,25.1,1.1,1.1,11.962927777777779
2024-04-11,31.5,24.3,0.3,0.3,11.965699999999998
2024-04-12,31.2,24.4,0.1,0.1,11.968516666666668
2024-04-13,30.9,24.8,0.1,0.1,11.971383333333334
2024-04-14,32.5,24.2,0.0,0.0,11.974305555555556
2024-04-15,32.5,24.5,0.0,0.0,11.977291666666666
2024-04-16,31.6,24.8,0.0,0.0,11.980350000000001
2024-04-17,32.8,25.3,0.0,0.0,11.983486111111112
2024-04-18,32.3,25.1,0.0,0.0,11.986708333333334
2024-04-19,32.2,25.6,0.0,0.0,11.990025
2024-04-20,34.5,26.0,0.0,0.0,11.993438888888889
2024-04-21,35.7,26.0,0.1,0.1,11.99696111111111
2024-04-22,33.3,26.0,0.0,0.0,12.0
2024-04-23,35.7,26.1,0.0,0.0,12.026802777777776
2024-04-24,32.3,26.5,0.0,0.0,12.0
2024-04-25,36.1,26.2,0.0,0.0,12.018127777777778
2024-04-26,38.3,27.1,0.0,0.0,12.082108333333332
2024-04-27,39.0,28.8,0.0,0.0,12.078052777777778
2024-04-28,36.8,27.0,0.0,0.0,12.142494444444445
2024-04-29,40.1,27.7,0.0,0.0,12.138716666666665
2024-04-30,39.3,27.7,0.0,0.0,12.135027777777777
2024-05-01,39.7,27.6,0.0,0.0,12.131444444444444
2024-05-02,33.5,27.0,0.0,0.0,9.9971
2024-05-03,32.0,26.9,0.0,0.0,8.23836111111111
2024-05-04,32.2,26.5,0.0,0.0,9.814772222222222
2024-05-05,33.3,26.5,0.0,0.0,11.116308333333333
2024-05-06,32.0,26.4,0.3,0.3,9.041194444444445
2024-05-07,31.4,26.5,0.0,0.0,11.166541666666667
2024-05-08,31.5,24.8,0.0,0.0,12.040024999999998
2024-05-09,31.9,24.8,0.8,0.8,12.106813888888889
2024-05-10,32.2,25.6,1.3,1.3,12.1043
2024-05-11,32.8,26.2,0.0,0.0,10.76215
2024-05-12,33.2,27.2,0.6,0.6,8.563916666666666
2024-05-13,32.7,27.2,5.1,5.1,7.017141666666666
2024-05-14,30.4,25.1,12.2,12.2,6.8290194444444445
2024-05-15,31.8,26.5,4.4,4.4,11.30428611111111
2024-05-16,31.2,25.5,8.0,8.0,12.232633333333334
2024-05-17,30.9,25.3,1.3,1.3,12.16091111111111
2024-05-18,31.9,26.2,0.2,0.2,9.898272222222221
2024-05-19,35.9,26.5,1.0,1.0,12.158319444444444
2024-05-20,34.3,26.9,0.1,0.1,8.699580555555556
2024-05-21,30.3,25.8,17.8,17.8,3.7448916666666667
2024-05-22,30.4,25.0,10.0,10.0,7.896691666666666
2024-05-23,30.1,25.2,2.8,2.8,6.322072222222222
2024-05-24,31.1,25.1,1.1,1.1,11.164119444444445
2024-05-25,32.5,25.8,0.0,0.0,12.36662222222222
2024-05-26,33.8,26.8,0.0,0.0,10.625747222222223
2024-05-27,37.3,26.8,0.0,0.0,12.437597222222221
2024-05-28,36.0,28.2,0.0,0.0,3.1300388888888886
2024-05-29,37.2,28.0,1.1,1.1,7.287947222222223
2024-05-30,35.0,29.0,0.2,0.2,2.451975
2024-05-31,31.8,27.9,3.0,3.0,1.0
2024-06-01,32.8,26.6,8.4,8.4,8.621575
2024-06-02,33.7,26.0,0.0,0.0,7.008783333333333
2024-06-03,36.3,26.5,4.2,4.2,12.368058333333334
2024-06-04,37.0,27.1,4.4,4.4,12.36875
2024-06-05,37.7,27.2,7.5,7.5,11.79808888888889
2024-06-06,34.9,26.6,1.9,1.9,11.748422222222223
2024-06-07,36.2,26.8,14.2,14.2,10.1554
2024-06-08,34.8,26.5,10.3,10.3,9.360722222222222
2024-06-09,35.6,26.5,20.1,20.1,11.668877777777778
2024-06-10,34.6,25.7,3.7,3.7,12.30298611111111
2024-06-11,35.8,27.0,0.6,0.6,12.0
2024-06-12,37.0,27.2,0.0,0.0,12.377975
2024-06-13,38.0,27.1,0.0,0.0,12.524052777777777
2024-06-14,37.4,27.5,0.0,0.0,12.597972222222221
2024-06-15,37.6,28.2,0.0,0.0,12.382563888888889
2024-06-16,36.8,28.1,0.3,0.3,12.239416666666667
2024-06-17,37.5,27.6,0.0,0.0,12.3134
2024-06-18,37.0,28.3,3.1,3.1,12.387430555555556
2024-06-19,38.0,27.0,10.3,10.3,12.389066666666666
2024-06-20,36.3,26.9,0.5,0.5,12.245855555555556
2024-06-21,34.8,27.9,0.6,0.6,12.392336111111112
2024-06-22,35.2,27.3,7.0,7.0,12.230361111111112
2024-06-23,31.1,26.4,25.6,25.6,8.782983333333334
2024-06-24,34.0,26.4,1.0,1.0,8.234122222222222
2024-06-25,34.6,26.7,4.3,4.3,11.352941666666666
2024-06-26,31.4,26.4,3.9,3.9,10.77851388888889
2024-06-27,31.9,26.5,5.9,5.9,11.258661111111111
2024-06-28,33.2,25.9,0.5,0.5,12.333086111111111
2024-06-29,35.6,26.8,0.2,0.2,12.335177777777778
2024-06-30,37.8,27.1,0.0,0.0,12.192761111111112
2024-07-01,37.9,27.4,0.1,0.1,12.12273888888889
2024-07-02,36.0,27.2,0.0,0.0,12.3416
2024-07-03,33.3,27.9,0.2,0.2,12.0
2024-07-04,33.1,26.4,1.6,1.6,12.057469444444445
2024-07-05,33.3,26.0,1.0,1.0,12.275975
2024-07-06,33.8,25.7,1.2,1.2,12.278133333333333
2024-07-07,33.5,26.0,3.0,3.0,12.280261111111113
2024-07-08,33.2,25.3,2.7,2.7,12.282352777777778
2024-07-09,33.8,25.9,0.4,0.4,10.4523
2024-07-10,35.5,26.3,0.1,0.1,12.0
2024-07-11,35.8,26.6,6.1,6.1,12.144908333333333
2024-07-12,34.3,26.2,1.0,1.0,12.14693888888889
2024-07-13,33.2,27.0,2.0,2.0,12.14898611111111
2024-07-14,27.9,25.9,25.8,25.8,0.7218388888888888
2024-07-15,30.9,25.5,25.1,25.1,10.836944444444445
2024-07-16,30.4,26.1,5.5,5.5,11.259108333333334
2024-07-17,29.8,25.5,4.8,4.8,8.623911111111111
2024-07-18,30.6,25.5,12.3,12.3,8.598630555555555
2024-07-19,31.1,25.7,2.1,2.1,12.019280555555557
2024-07-20,31.4,25.2,4.7,4.7,11.918766666666667
2024-07-21,30.9,26.1,2.2,2.2,4.575430555555555
2024-07-22,30.9,26.4,14.3,14.3,10.444455555555555
2024-07-23,34.0,26.1,0.2,0.2,12.098725000000002
2024-07-24,35.0,27.3,0.1,0.1,12.03018611111111
2024-07-25,34.9,28.2,0.0,0.0,11.879302777777777
2024-07-26,35.5,27.6,0.5,0.5,11.489141666666667
2024-07-27,36.5,27.5,0.3,0.3,12.0
2024-07-28,32.5,27.0,0.6,0.6,8.129380555555556
2024-07-29,32.9,26.8,0.4,0.4,3.114102777777778
2024-07-30,31.4,27.0,0.3,0.3,1.9310277777777778
2024-07-31,35.0,25.4,1.7,1.7,10.659947222222222
2024-08-01,35.5,25.8,0.0,0.0,12.0
2024-08-02,34.7,26.7,0.1,0.1,12.047216666666667
2024-08-03,34.5,26.8,0.0,0.0,12.048861111111112
2024-08-04,33.8,26.3,0.2,0.2,12.050466666666667
2024-08-05,34.9,26.0,0.3,0.3,12.052033333333334
2024-08-06,35.0,27.0,0.0,0.0,12.053558333333333
2024-08-07,35.5,27.0,0.2,0.2,12.05505
2024-08-08,36.0,27.7,0.0,0.0,12.0
2024-08-09,37.7,27.7,0.7,0.7,12.05792222222222
2024-08-10,39.5,28.2,1.7,1.7,12.059302777777777
2024-08-11,38.2,28.3,1.5,1.5,11.59553611111111
2024-08-12,36.3,27.4,4.2,4.2,12.0
2024-08-13,36.0,27.1,1.1,1.1,12.0
2024-08-14,35.8,27.5,0.3,0.3,12.0
2024-08-15,36.0,27.4,0.1,0.1,12.0
2024-08-16,37.0,27.5,0.8,0.8,12.0
2024-08-17,36.2,26.7,1.3,1.3,12.0
2024-08-18,36.5,27.4,1.6,1.6,12.001066666666667
2024-08-19,37.5,27.0,2.4,2.4,12.002238888888888
2024-08-20,37.2,26.9,1.8,1.8,12.0
2024-08-21,36.8,26.6,0.3,0.3,12.0
2024-08-22,35.5,26.4,0.0,0.0,12.005497222222223
2024-08-23,35.0,27.1,0.3,0.3,12.006480555555555
2024-08-24,34.9,26.5,0.2,0.2,12.0
2024-08-25,34.3,25.9,0.6,0.6,12.008299999999998
2024-08-26,35.7,26.4,0.1,0.1,12.00915
2024-08-27,34.8,25.4,6.0,6.0,12.00746111111111
2024-08-28,36.1,25.9,2.2,2.2,11.985386111111112
2024-08-29,35.5,25.5,3.2,3.2,11.984627777777778
2024-08-30,35.0,26.2,0.5,0.5,11.688130555555555
2024-08-31,33.8,26.2,1.6,1.6,11.948255555555557
2024-09-01,33.3,25.8,2.2,2.2,11.935675
2024-09-02,33.3,25.8,8.6,8.6,11.923024999999999
2024-09-03,33.5,25.0,5.0,5.0,11.281302777777778
2024-09-04,34.1,25.8,1.2,1.2,11.0
2024-09-05,36.7,26.1,0.0,0.0,8.972991666666667
2024-09-06,35.7,27.1,0.4,0.4,3.0401333333333334
2024-09-07,36.8,29.7,0.0,0.0,8.805230555555555
2024-09-08,37.5,27.8,0.0,0.0,11.777438888888888
2024-09-09,36.5,26.9,13.4,13.4,10.0
2024-09-10,31.9,26.7,1.6,1.6,6.546024999999999
2024-09-11,32.0,26.3,0.1,0.1,7.933716666666667
2024-09-12,32.6,25.8,23.1,23.1,11.534452777777778
2024-09-13,31.4,25.1,2.6,2.6,11.341088888888889
2024-09-14,30.9,25.5,13.0,13.0,11.014961111111111
2024-09-15,30.5,25.2,3.2,3.2,9.091683333333334
2024-09-16,31.0,25.0,3.8,3.8,11.626436111111111
2024-09-17,30.5,25.0,16.6,16.6,11.234291666666666
2024-09-18,26.9,25.2,150.9,150.9,0.0
2024-09-19,29.7,25.0,23.3,23.3,5.731833333333333
2024-09-20,32.1,25.4,3.9,3.9,11.121627777777778
2024-09-21,30.4,25.5,10.3,10.3,9.280802777777778
2024-09-22,29.3,25.2,17.4,17.4,3.9020638888888888
2024-09-23,28.8,25.9,6.8,6.8,0.6337722222222222
2024-09-24,28.2,25.4,1.6,1.6,0.50645
2024-09-25,29.8,24.4,0.7,0.7,11.288127777777778
2024-09-26,30.0,24.4,1.1,1.1,11.294769444444444
2024-09-27,29.9,24.8,0.2,0.2,11.234905555555557
2024-09-28,31.1,24.6,0.0,0.0,11.241413888888887
2024-09-29,31.5,25.9,0.8,0.8,11.0
2024-09-30,31.9,26.1,4.5,4.5,11.121286111111111
2024-10-01,32.0,25.2,1.4,1.4,11.194297222222222
2024-10-02,29.3,25.6,3.7,3.7,11.0
2024-10-03,28.2,25.0,15.6,15.6,7.272141666666666
2024-10-04,28.0,23.5,2.8,2.8,8.51596111111111
2024-10-05,29.0,23.4,0.2,0.2,7.899469444444445
2024-10-06,29.1,24.3,1.0,1.0,10.008275
2024-10-07,27.8,24.5,16.6,16.6,8.235158333333333
2024-10-08,27.5,24.1,15.3,15.3,9.957627777777777
2024-10-09,27.8,23.9,11.1,11.1,9.081616666666667
2024-10-10,29.5,23.2,1.8,1.8,11.0
2024-10-11,27.4,24.6,18.5,18.5,4.678322222222222
2024-10-12,28.9,24.4,1.9,1.9,11.0
2024-10-13,29.1,24.8,4.1,4.1,11.0
2024-10-14,27.5,24.4,30.7,30.7,6.027511111111111
2024-10-15,28.7,24.3,8.1,8.1,9.52465
2024-10-16,28.5,24.0,8.1,8.1,10.80528611111111
2024-10-17,28.8,24.0,1.8,1.8,11.0
2024-10-18,29.1,25.2,7.9,7.9,10.0
2024-10-19,29.2,24.4,3.0,3.0,11.0
2024-10-20,28.0,24.4,28.2,28.2,1.8713000000000002
2024-10-21,27.0,23.5,55.2,55.2,1.3038888888888889
2024-10-22,28.6,24.6,11.9,11.9,10.0
2024-10-23,28.2,24.3,7.0,7.0,11.0
2024-10-24,28.0,21.9,7.4,7.4,8.903297222222221
2024-10-25,27.8,20.9,0.0,0.0,11.0
2024-10-26,25.2,21.4,54.0,54.0,0.0
2024-10-27,26.2,20.9,154.6,154.6,0.642775
2024-10-28,25.5,20.4,1.8,1.8,4.507408333333333
2024-10-29,26.5,22.2,10.1,10.1,3.441575
2024-10-30,28.5,23.0,3.8,3.8,9.332688888888889
2024-10-31,27.5,22.5,40.4,40.4,5.497866666666667
2024-11-01,28.2,20.6,0.0,0.0,11.0
2024-11-02,27.1,21.6,2.9,2.9,10.251019444444443
2024-11-03,25.3,23.8,18.5,18.5,0.0
2024-11-04,26.4,23.0,51.7,51.7,3.438719444444444
2024-11-05,25.9,23.3,56.7,56.7,0.0
2024-11-06,27.1,23.6,23.6,23.6,2.3037305555555556
2024-11-07,27.5,23.1,11.3,11.3,10.82476111111111
2024-11-08,26.9,23.2,6.1,6.1,10.680219444444445
2024-11-09,26.9,20.1,0.0,0.0,11.0
2024-11-10,28.2,20.2,0.0,0.0,11.0
2024-11-11,28.0,23.1,2.8,2.8,11.0
2024-11-12,26.4,24.2,73.6,73.6,1.1259277777777779
2024-11-13,27.8,24.2,4.7,4.7,7.33615
2024-11-14,28.5,22.9,0.0,0.0,11.0
2024-11-15,28.7,22.5,0.0,0.0,11.0
2024-11-16,28.6,23.2,0.0,0.0,11.0
2024-11-17,28.2,22.5,2.8,2.8,11.0
2024-11-18,26.8,22.5,16.8,16.8,7.78265
2024-11-19,26.6,23.4,27.2,27.2,7.812875
2024-11-20,27.0,23.6,5.9,5.9,10.914569444444444
2024-11-21,25.8,23.4,12.5,12.5,1.3760111111111113
2024-11-22,26.1,23.3,38.4,38.4,6.464277777777778
2024-11-23,25.9,23.3,37.3,37.3,0.9834472222222221
2024-11-24,25.9,23.8,35.6,35.6,2.2509944444444443
2024-11-25,26.5,23.8,9.7,9.7,6.8877500000000005
2024-11-26,25.5,23.1,24.7,24.7,5.211783333333333
2024-11-27,26.8,22.9,4.8,4.8,10.118722222222223
2024-11-28,25.1,22.9,3.0,3.0,10.742574999999999
2024-11-29,24.9,20.6,0.0,0.0,10.675805555555556
2024-11-30,24.1,20.5,0.2,0.2,0.3350666666666667
2024-12-01,26.5,20.8,0.0,0.0,10.468983333333332
2024-12-02,26.8,21.0,0.8,0.8,9.780016666666667
2024-12-03,27.6,22.2,3.6,3.6,10.0
2024-12-04,27.0,22.5,6.2,6.2,9.693555555555557
2024-12-05,25.5,21.6,2.8,2.8,5.995941666666667
2024-12-06,25.8,23.0,3.8,3.8,4.218641666666667
2024-12-07,26.8,24.2,0.7,0.7,7.566786111111111
2024-12-08,25.5,22.0,7.8,7.8,10.729483333333333
2024-12-09,24.8,21.9,4.6,4.6,2.6437333333333335
2024-12-10,26.2,22.5,6.6,6.6,7.620544444444445
2024-12-11,24.2,23.4,31.0,31.0,0.0
2024-12-12,25.0,24.0,13.8,13.8,0.0
2024-12-13,24.9,23.2,12.2,12.2,0.0
2024-12-14,23.6,21.1,10.5,10.5,0.0
2024-12-15,21.0,20.0,19.7,19.7,0.0
2024-12-16,21.8,19.8,2.4,2.4,0.0
2024-12-17,22.8,19.6,4.2,4.2,1.991272222222222
2024-12-18,23.8,20.2,3.7,3.7,8.364338888888888
2024-12-19,22.4,20.5,10.7,10.7,0.44445555555555555
2024-12-20,22.2,19.7,5.8,5.8,0.2868027777777778
2024-12-21,22.7,19.0,1.8,1.8,8.739080555555555
2024-12-22,23.3,20.0,4.2,4.2,5.675013888888889
2024-12-23,21.3,19.6,15.9,15.9,0.0
2024-12-24,21.7,20.2,7.1,7.1,0.0
2024-12-25,22.2,20.1,13.2,13.2,0.0
2024-12-26,23.0,20.8,22.6,22.6,0.0
2024-12-27,23.4,21.7,32.6,32.6,0.020861111111111108
2024-12-28,21.6,20.5,43.2,43.2,0.0
2024-12-29,23.0,20.0,2.2,2.2,7.394127777777778
2024-12-30,23.9,19.7,3.9,3.9,7.291980555555556
2024-12-31,22.9,20.3,6.3,6.3,0.0
2025-01-01,23.0,18.6,0.0,0.0,0.8666083333333333
2025-01-02,22.0,20.5,2.7,2.7,0.0
2025-01-03,23.1,20.8,4.5,4.5,3.0
2025-01-04,23.6,19.2,0.1,0.1,10.0
2025-01-05,23.9,18.8,0.0,0.0,10.103736111111111
2025-01-06,23.5,18.0,0.8,0.8,9.260961111111111
2025-01-07,24.3,18.5,0.5,0.5,10.034341666666666
2025-01-08,24.0,18.9,2.0,2.0,10.32681111111111
2025-01-09,23.4,20.9,4.2,4.2,6.1543222222222225
2025-01-10,22.5,19.1,9.6,9.6,0.0
2025-01-11,21.5,18.4,1.7,1.7,10.329336111111111
2025-01-12,20.8,17.0,1.1,1.1,8.549055555555555
2025-01-13,20.8,17.4,0.7,0.7,0.37222222222222223
2025-01-14,23.1,19.2,0.7,0.7,5.476555555555555
2025-01-15,21.7,20.2,47.2,47.2,0.0
2025-01-16,22.0,19.4,7.0,7.0,5.882358333333333
2025-01-17,22.4,19.2,0.4,0.4,7.018205555555555
2025-01-18,23.2,18.3,0.2,0.2,7.8779916666666665
2025-01-19,24.2,17.6,0.2,0.2,10.550799999999999
2025-01-20,23.0,18.1,1.0,1.0,9.144902777777778
2025-01-21,23.0,18.0,0.0,0.0,10.081430555555556
2025-01-22,24.3,16.8,0.0,0.0,10.815855555555556
2025-01-23,25.5,16.1,0.0,0.0,10.879827777777777
2025-01-24,24.7,17.2,0.0,0.0,10.801338888888889
2025-01-25,24.0,19.2,0.0,0.0,10.864891666666667
2025-01-26,25.1,18.5,10.3,10.3,9.87561111111111
2025-01-27,19.1,17.5,10.3,10.3,0.23040555555555556
2025-01-28,20.0,17.1,3.0,3.0,5.471711111111111
2025-01-29,22.6,17.7,2.8,2.8,10.309452777777777
2025-01-30,23.9,17.0,0.3,0.3,10.614575
2025-01-31,25.3,16.2,0.0,0.0,10.83258611111111
2025-02-01,25.4,16.4,0.0,0.0,10.767941666666665
2025-02-02,24.9,17.8,0.0,0.0,10.739044444444444
2025-02-03,25.2,19.9,1.8,1.8,10.423558333333332
2025-02-04,21.0,18.8,17.4,17.4,0.0
2025-02-05,23.4,19.0,3.1,3.1,10.343644444444445
2025-02-06,24.2,19.7,0.6,0.6,10.712597222222222
2025-02-07,24.6,17.5,2.2,2.2,10.826002777777777
2025-02-08,22.0,19.4,5.1,5.1,6.695530555555555
2025-02-09,21.0,19.0,5.3,5.3,5.703008333333334
2025-02-10,22.0,18.0,4.6,4.6,1.1264611111111111
2025-02-11,22.9,19.0,0.9,0.9,0.1229
2025-02-12,23.5,20.6,1.6,1.6,1.1133638888888888
2025-02-13,24.6,21.6,3.2,3.2,2.709611111111111
2025-02-14,24.0,21.1,2.8,2.8,3.5921499999999997
2025-02-15,26.5,20.5,0.4,0.4,10.516522222222223
2025-02-16,25.9,22.1,1.4,1.4,8.8137
2025-02-17,25.1,21.2,0.9,0.9,10.940527777777778
2025-02-18,24.5,19.5,2.2,2.2,9.030675
2025-02-19,24.3,21.5,5.3,5.3,9.588655555555556
2025-02-20,25.2,21.6,3.0,3.0,10.299983333333333
2025-02-21,24.6,21.5,5.8,5.8,9.350180555555555
2025-02-22,24.7,21.8,8.0,8.0,8.892955555555556
2025-02-23,24.0,22.0,5.8,5.8,0.38306666666666667
2025-02-24,22.4,21.0,11.5,11.5,0.0
2025-02-25,23.6,21.0,9.2,9.2,2.6084444444444443
2025-02-26,25.0,21.5,3.7,3.7,8.056447222222221
2025-02-27,24.5,20.8,0.6,0.6,7.707066666666666
2025-02-28,25.6,19.9,0.2,0.2,11.174663888888889
2025-03-01,26.5,21.2,0.0,0.0,11.709705555555557
2025-03-02,27.6,21.5,0.0,0.0,11.689822222222222
2025-03-03,28.0,21.3,0.0,0.0,11.739588888888887
2025-03-04,29.1,22.4,0.2,0.2,10.009422222222222
2025-03-05,28.6,23.4,0.0,0.0,11.329219444444446
2025-03-06,27.0,21.0,11.7,11.7,5.874213888888889
2025-03-07,22.8,20.1,2.8,2.8,0.14300833333333335
2025-03-08,23.7,20.0,0.7,0.7,0.5568361111111111
2025-03-09,24.8,20.5,1.5,1.5,7.989994444444444
2025-03-10,25.0,21.9,12.2,12.2,1.8273166666666667
2025-03-11,26.6,23.0,4.4,4.4,8.861691666666667
2025-03-12,27.7,23.1,0.1,0.1,8.346066666666667
2025-03-13,28.5,23.0,0.2,0.2,11.391094444444445
2025-03-14,28.1,23.6,0.2,0.2,11.891311111111111
2025-03-15,29.7,23.0,0.0,0.0,11.894144444444445
2025-03-16,24.7,20.8,109.9,109.9,2.24495
2025-03-17,23.5,20.4,2.3,2.3,0.022655555555555557
2025-03-18,22.0,20.0,7.3,7.3,0.4824666666666667
2025-03-19,21.5,19.5,8.3,8.3,0.06168888888888889
2025-03-20,23.4,19.1,0.9,0.9,7.8603749999999994
2025-03-21,24.3,18.9,1.6,1.6,8.909916666666668
2025-03-22,25.0,17.4,0.4,0.4,10.825380555555556
2025-03-23,25.6,20.5,0.1,0.1,11.914980555555555
2025-03-24,26.0,18.9,0.0,0.0,11.917527777777778
2025-03-25,26.0,19.1,0.0,0.0,11.9201
2025-03-26,27.5,19.0,0.0,0.0,11.922711111111111
2025-03-27,31.3,22.0,0.0,0.0,11.92537222222222
2025-03-28,30.5,23.0,0.0,0.0,11.928077777777778
2025-03-29,28.1,24.0,2.5,2.5,9.78201111111111
2025-03-30,25.0,21.0,17.6,17.6,1.8608749999999998
2025-03-31,24.3,20.8,0.0,0.0,0.8365194444444444
2025-04-01,23.0,19.8,0.0,0.0,0.5436722222222222
2025-04-02,23.6,19.6,0.0,0.0,0.24378333333333332
2025-04-03,25.1,21.1,3.6,3.6,5.549650000000001
2025-04-04,25.4,19.2,0.6,0.6,11.945822222222223
2025-04-05,28.0,20.6,0.0,0.0,11.948516666666668
2025-04-06,27.5,21.9,0.1,0.1,11.951047222222222
2025-04-07,28.1,22.0,0.2,0.2,11.73683888888889
2025-04-08,28.1,22.0,0.1,0.1,11.95618611111111
2025-04-09,28.2,23.2,0.2,0.2,11.325127777777778
2025-04-10,31.6,23.3,0.0,0.0,5.678363888888889
2025-04-11,31.8,23.9,0.2,0.2,10.256644444444444
2025-04-12,36.2,25.0,2.5,2.5,11.054247222222223
2025-04-13,25.9,22.4,21.0,21.0,3.257336111111111
2025-04-14,26.3,21.2,0.0,0.0,11.18443888888889
2025-04-15,26.5,20.8,0.0,0.0,11.976030555555555
2025-04-16,28.0,21.1,0.0,0.0,11.184452777777777
2025-04-17,31.5,23.9,0.0,0.0,10.403302777777778
2025-04-18,33.6,25.1,0.0,0.0,11.0
2025-04-19,31.9,25.3,0.0,0.0,11.859755555555557
2025-04-20,32.0,24.9,0.0,0.0,11.99275277777778
2025-04-21,32.5,24.5,0.0,0.0,11.996277777777777
2025-04-22,33.5,24.5,0.0,0.0,11.99986111111111
2025-04-23,33.6,24.9,0.0,0.0,12.028102777777777
2025-04-24,34.7,25.6,0.0,0.0,9.856586111111111
2025-04-25,35.7,26.4,5.7,5.7,10.443305555555556
2025-04-26,31.9,25.5,1.8,1.8,12.014772222222222
2025-04-27,31.8,25.3,0.0,0.0,11.732569444444444
2025-04-28,31.9,24.8,0.1,0.1,12.006330555555556
2025-04-29,32.2,24.4,1.6,1.6,11.985600000000002
2025-04-30,32.5,25.2,0.4,0.4,12.0
2025-05-01,32.0,25.5,1.3,1.3,12.063147222222224
2025-05-02,32.5,25.0,0.9,0.9,12.059525
2025-05-03,32.7,25.4,0.2,0.2,12.124916666666666
2025-05-04,33.6,25.8,0.2,0.2,11.435241666666668
2025-05-05,34.3,26.2,0.0,0.0,12.118536111111112
2025-05-06,35.0,26.5,0.0,0.0,11.921641666666668
2025-05-07,35.4,26.9,0.0,0.0,10.829347222222223
2025-05-08,34.7,27.0,1.8,1.8,11.052025
2025-05-09,36.5,26.8,5.0,5.0,9.176969444444444
2025-05-10,34.1,26.9,3.5,3.5,9.035405555555556
2025-05-11,30.7,25.4,5.0,5.0,10.202758333333334
2025-05-12,29.9,24.9,2.0,2.0,10.614552777777778
2025-05-13,29.1,24.6,1.8,1.8,5.872344444444444
2025-05-14,29.8,24.8,1.0,1.0,9.015502777777778
2025-05-15,30.5,24.9,1.1,1.1,11.833558333333333
2025-05-16,31.4,26.0,0.3,0.3,12.092708333333333
2025-05-17,31.2,25.6,0.0,0.0,12.372369444444445
2025-05-18,32.2,25.4,0.0,0.0,12.089527777777779
2025-05-19,32.5,26.6,0.1,0.1,12.299694444444444
2025-05-20,33.3,25.8,1.0,1.0,12.298688888888888
2025-05-21,34.0,26.6,0.5,0.5,12.0
2025-05-22,33.8,26.0,3.0,3.0,12.22616111111111
2025-05-23,33.5,25.4,1.8,1.8,12.36721111111111
2025-05-24,33.1,26.8,0.7,0.7,12.437722222222224
2025-05-25,31.9,25.5,11.9,11.9,12.076886111111111
2025-05-26,28.8,25.0,10.9,10.9,10.441077777777776
2025-05-27,30.5,25.3,4.3,4.3,12.294583333333334
2025-05-28,30.9,25.2,2.2,2.2,12.294433333333332
2025-05-29,32.3,25.4,0.2,0.2,11.437280555555555
2025-05-30,32.2,26.2,3.2,3.2,8.528205555555555
2025-05-31,35.8,26.9,1.3,1.3,11.53736111111111
2025-06-01,38.1,26.3,0.0,0.0,12.510152777777778
2025-06-02,39.2,27.5,0.2,0.2,12.439136111111111
2025-06-03,39.0,28.0,1.7,1.7,12.511666666666667
2025-06-04,35.7,27.5,0.3,0.3,11.225158333333333
2025-06-05,34.0,27.3,0.7,0.7,12.0
2025-06-06,36.2,27.0,0.4,0.4,12.514627777777779
2025-06-07,35.7,26.3,0.2,0.2,12.515758333333334
2025-06-08,36.3,27.0,0.0,0.0,12.516958333333335
2025-06-09,35.8,26.6,3.2,3.2,11.004172222222222
2025-06-10,33.7,28.0,4.3,4.3,3.482875
2025-06-11,29.0,25.5,114.2,114.2,0.0
2025-06-12,26.6,24.7,173.7,173.7,0.0
2025-06-13,27.5,24.5,48.6,48.6,0.0
2025-06-14,33.8,25.0,0.2,0.2,7.525361111111111
2025-06-15,35.1,25.6,0.0,0.0,12.020044444444446
2025-06-16,33.8,26.2,0.3,0.3,12.455569444444444
2025-06-17,32.4,26.1,1.9,1.9,10.739894444444445
2025-06-18,32.5,25.5,5.9,5.9,12.241383333333335
2025-06-19,32.2,25.9,1.1,1.1,12.460263888888887
2025-06-20,32.2,26.2,0.5,0.5,12.244736111111111
2025-06-21,32.7,26.7,1.6,1.6,12.10168611111111
2025-06-22,32.5,25.7,1.0,1.0,12.465697222222223
2025-06-23,34.2,26.0,0.2,0.2,12.39520277777778
2025-06-24,34.3,25.6,0.4,0.4,12.397186111111111
2025-06-25,34.3,26.2,1.0,1.0,12.399211111111113
2025-06-26,33.7,26.1,0.2,0.2,12.401261111111111
2025-06-27,34.5,26.0,13.4,13.4,11.290180555555557
2025-06-28,32.8,25.8,6.8,6.8,12.043725
2025-06-29,33.7,25.9,2.6,2.6,10.386238888888888
2025-06-30,34.0,25.9,8.4,8.4,11.56033888888889
2025-07-01,33.0,25.5,1.7,1.7,12.0
2025-07-02,31.0,25.9,2.4,2.4,10.652691666666668
2025-07-03,30.2,25.5,2.5,2.5,11.772122222222222
2025-07-04,31.0,25.3,5.6,5.6,11.988861111111111
2025-07-05,31.5,25.1,23.5,23.5,10.081752777777778
2025-07-06,31.9,25.0,5.0,5.0,8.628547222222222
2025-07-07,33.5,26.1,0.9,0.9,12.063416666666667
2025-07-08,35.1,26.2,0.0,0.0,12.0
2025-07-09,35.2,26.1,0.0,0.0,12.139591666666666
2025-07-10,35.2,26.5,0.1,0.1,11.72076388888889
2025-07-11,35.2,26.0,3.2,3.2,11.720836111111112
2025-07-12,35.8,26.7,2.3,2.3,12.146091666666667
2025-07-13,34.8,26.6,1.5,1.5,12.076716666666666
2025-07-14,36.2,26.7,4.1,4.1,12.150475
2025-07-15,36.0,26.5,0.5,0.5,12.152663888888888
2025-07-16,36.8,26.2,33.6,33.6,12.154847222222221
2025-07-17,34.2,25.6,4.2,4.2,12.157016666666667
2025-07-18,35.1,26.3,0.0,0.0,12.159161111111112
2025-07-19,37.3,26.8,1.1,1.1,10.827044444444445
2025-07-20,33.2,29.1,0.4,0.4,0.3331777777777778
2025-07-21,35.5,29.7,0.0,0.0,2.761986111111111
2025-07-22,34.8,29.7,0.3,0.3,4.405758333333333
2025-07-23,36.1,28.2,0.8,0.8,10.691944444444445
2025-07-24,32.2,27.4,1.7,1.7,2.3300888888888887
2025-07-25,28.6,26.5,12.1,12.1,0.63095
2025-07-26,30.8,25.5,24.6,24.6,7.122272222222223
2025-07-27,32.0,25.1,8.9,8.9,8.994869444444443
2025-07-28,33.5,25.5,0.2,0.2,12.0
2025-07-29,34.4,26.5,0.7,0.7,11.55626111111111
2025-07-30,32.8,27.4,0.0,0.0,6.526952777777778
2025-07-31,37.0,27.2,0.4,0.4,12.0
2025-08-01,38.1,27.8,0.0,0.0,12.044977777777778
2025-08-02,39.0,28.3,0.2,0.2,12.116380555555557
2025-08-03,38.0,28.2,0.0,0.0,11.193319444444443
2025-08-04,39.9,28.2,0.2,0.2,12.050030555555555
2025-08-05,40.2,28.2,0.0,0.0,12.0
2025-08-06,38.6,28.9,0.3,0.3,11.820561111111111
2025-08-07,36.1,28.0,0.5,0.5,12.0
2025-08-08,35.1,26.4,0.0,0.0,12.056280555555556
2025-08-09,36.0,27.9,0.6,0.6,12.0
2025-08-10,35.8,27.6,2.2,2.2,11.396680555555557
2025-08-11,36.0,26.4,0.4,0.4,12.0
2025-08-12,35.5,26.8,2.6,2.6,12.0
2025-08-13,34.7,25.9,2.1,2.1,11.396222222222223
2025-08-14,34.3,26.0,0.7,0.7,12.0
2025-08-15,34.7,26.1,2.9,2.9,10.422638888888889
2025-08-16,32.4,25.7,12.0,12.0,11.930663888888889
2025-08-17,28.2,25.1,66.8,66.8,0.9424194444444445
2025-08-18,30.6,25.5,3.0,3.0,10.925361111111112
2025-08-19,33.2,25.5,1.3,1.3,11.40743611111111
2025-08-20,31.9,26.7,0.4,0.4,12.0
2025-08-21,32.0,25.8,0.2,0.2,12.0
2025-08-22,31.4,25.3,0.7,0.7,12.0
2025-08-23,32.3,25.9,0.2,0.2,10.702794444444443
2025-08-24,29.7,26.0,8.6,8.6,0.038691666666666666
2025-08-25,29.6,25.0,9.2,9.2,0.7611694444444445
2025-08-26,33.5,24.9,28.7,28.7,9.746019444444444
2025-08-27,29.1,24.8,58.1,58.1,2.0395583333333334
2025-08-28,31.0,25.1,0.3,0.3,11.987602777777779
2025-08-29,27.8,25.0,14.9,14.9,0.0
2025-08-30,30.8,24.8,26.5,26.5,8.963375000000001
2025-08-31,30.0,24.2,8.9,8.9,11.951172222222223
2025-09-01,29.9,24.2,5.8,5.8,11.938930555555556
2025-09-02,30.0,24.9,1.3,1.3,11.926666666666666
2025-09-03,30.5,25.1,0.9,0.9,11.914394444444444
2025-09-04,30.4,25.6,2.2,2.2,11.902105555555556
2025-09-05,30.9,25.2,0.5,0.5,11.889627777777779
2025-09-06,30.4,25.0,7.6,7.6,10.057794444444443
2025-09-07,31.6,25.1,10.5,10.5,11.0
2025-09-08,31.8,25.2,3.5,3.5,8.562619444444444
2025-09-09,32.7,26.1,3.4,3.4,7.225516666666667
2025-09-10,32.0,25.9,4.2,4.2,11.824597222222224
2025-09-11,31.4,25.0,3.3,3.3,11.811211111111112
2025-09-12,31.1,25.3,0.7,0.7,11.797741666666667
2025-09-13,31.5,25.2,3.7,3.7,10.605494444444444
2025-09-14,32.2,24.8,18.8,18.8,10.443177777777779
2025-09-15,31.4,24.6,1.7,1.7,10.762694444444444
2025-09-16,31.6,24.8,10.8,10.8,11.093544444444445
2025-09-17,28.0,25.3,11.5,11.5,2.404055555555556
2025-09-18,29.3,24.6,30.2,30.2,8.289294444444444
2025-09-19,30.2,24.8,14.3,14.3,11.281205555555555
2025-09-20,30.5,25.3,8.7,8.7,11.58505277777778
2025-09-21,32.1,25.4,1.3,1.3,11.39236111111111
2025-09-22,30.5,26.0,6.2,6.2,11.199672222222222
2025-09-23,31.2,25.4,0.9,0.9,9.338997222222222
2025-09-24,32.3,26.0,1.5,1.5,10.18998611111111
2025-09-25,32.8,25.9,6.6,6.6,7.224194444444444
2025-09-26,29.2,25.6,22.6,22.6,7.804080555555555
2025-09-27,26.9,24.4,49.4,49.4,0.31675
2025-09-28,26.3,24.7,105.2,105.2,0.0
2025-09-29,31.1,24.6,13.1,13.1,8.840527777777778
2025-09-30,30.5,26.0,1.3,1.3,10.052883333333332
2025-10-01,30.4,24.4,1.0,1.0,11.192619444444444
2025-10-02,30.6,24.9,0.7,0.7,11.132755555555555
2025-10-03,30.7,25.3,1.8,1.8,11.072808333333333
2025-10-04,30.8,24.1,0.4,0.4,11.0
2025-10-05,33.2,24.2,0.1,0.1,9.670625
2025-10-06,33.7,26.0,2.6,2.6,10.09376388888889
2025-10-07,31.5,25.4,1.7,1.7,11.0
2025-10-08,30.7,24.0,3.0,3.0,11.0
2025-10-09,28.6,24.6,11.3,11.3,8.50648611111111
2025-10-10,29.5,23.8,27.1,27.1,7.050716666666667
2025-10-11,29.3,24.4,8.6,8.6,11.0
2025-10-12,29.0,24.4,9.0,9.0,9.832277777777778
2025-10-13,29.9,24.4,15.4,15.4,10.483505555555556
2025-10-14,29.7,25.0,4.5,4.5,10.789944444444446
2025-10-15,29.5,24.4,2.4,2.4,11.0
2025-10-16,28.0,24.2,11.1,11.1,2.7505249999999997
2025-10-17,28.3,24.5,21.0,21.0,6.841455555555556
2025-10-18,26.7,24.0,29.7,29.7,1.0
2025-10-19,28.3,22.8,47.9,47.9,6.762475
2025-10-20,29.5,23.5,17.6,17.6,10.070502777777778
2025-10-21,28.5,24.5,15.0,15.0,10.402719444444445
2025-10-22,26.2,24.0,8.9,8.9,0.5006916666666666
2025-10-23,26.6,23.5,77.7,77.7,2.4012611111111113
2025-10-24,26.0,23.3,48.9,48.9,2.358719444444444
2025-10-25,27.2,23.8,18.0,18.0,6.035522222222222
2025-10-26,25.5,24.2,52.2,52.2,0.0
2025-10-27,26.2,24.5,97.9,97.9,0.0
2025-10-28,25.9,24.5,97.5,97.5,0.0
2025-10-29,25.5,24.6,149.9,149.9,0.0
2025-10-30,27.5,24.8,22.6,22.6,4.281786111111111
2025-10-31,27.9,24.9,21.2,21.2,6.325288888888889
2025-11-01,26.5,24.5,13.5,13.5,0.7950055555555555
2025-11-02,25.8,24.5,60.2,60.2,0.0
2025-11-03,27.4,24.2,34.8,34.8,1.5647416666666665
2025-11-04,27.9,23.2,6.6,6.6,6.70715
2025-11-05,27.5,23.0,4.9,4.9,6.710961111111111
2025-11-06,27.2,24.0,50.1,50.1,2.5729611111111113
2025-11-07,30.1,25.2,4.6,4.6,10.821419444444444
2025-11-08,29.2,24.4,1.2,1.2,11.0
2025-11-09,29.3,24.4,1.0,1.0,11.0
2025-11-10,29.7,24.3,0.5,0.5,10.104483333333333
2025-11-11,29.5,24.0,0.0,0.0,9.669991666666666
2025-11-12,27.8,24.0,0.1,0.1,10.003125
2025-11-13,26.9,22.4,0.0,0.0,11.0
2025-11-14,26.2,20.8,1.2,1.2,11.0
2025-11-15,24.2,22.3,21.1,21.1,0.4753916666666667
2025-11-16,25.8,23.4,48.8,48.8,0.0
2025-11-17,26.2,23.8,46.2,46.2,0.856163888888889
2025-11-18,27.1,23.5,22.7,22.7,0.7618555555555555
2025-11-19,23.4,20.8,24.3,24.3,0.0
2025-11-20,22.5,20.3,13.3,13.3,0.0
2025-11-21,23.1,20.2,15.6,15.6,0.770136111111111
2025-11-22,24.2,20.1,19.6,19.6,0.6599111111111111
2025-11-23,24.3,21.6,27.9,27.9,2.0130777777777777
2025-11-24,25.4,22.4,12.7,12.7,5.387119444444445
2025-11-25,25.5,21.8,2.6,2.6,2.907677777777778
2025-11-26,25.5,20.6,1.7,1.7,10.855755555555556
2025-11-27,23.6,19.1,0.9,0.9,9.0
2025-11-28,24.0,18.7,0.0,0.0,9.243294444444444
2025-11-29,24.6,19.9,0.0,0.0,4.291238888888889
2025-11-30,25.6,20.4,0.0,0.0,0.389325
2025-12-01,26.8,22.8,4.9,4.9,9.321741666666666
2025-12-02,27.9,22.4,0.5,0.5,10.666119444444444
2025-12-03,24.6,23.1,51.5,51.5,1.1925222222222223
2025-12-04,25.4,23.5,8.2,8.2,4.470658333333334
2025-12-05,26.3,22.1,4.8,4.8,9.88111111111111
2025-12-06,25.5,21.3,2.8,2.8,9.98698888888889
2025-12-07,25.8,20.3,0.6,0.6,10.869688888888888
2025-12-08,24.9,20.7,7.5,7.5,5.512752777777778
2025-12-09,25.2,20.2,4.8,4.8,2.346477777777778
2025-12-10,24.0,21.7,15.0,15.0,0.19098055555555554
2025-12-11,26.4,21.6,10.5,10.5,8.003175
2025-12-12,26.9,22.9,3.2,3.2,10.308952777777778
2025-12-13,27.0,21.1,3.8,3.8,10.387266666666667
2025-12-14,25.3,22.3,17.0,17.0,4.200211111111111
2025-12-15,24.1,21.6,6.3,6.3,5.773458333333333
2025-12-16,25.1,21.7,5.8,5.8,6.7105194444444445
2025-12-17,24.8,22.0,5.0,5.0,2.289022222222222
2025-12-18,24.9,21.8,2.6,2.6,10.557619444444445
2025-12-19,25.0,21.5,2.2,2.2,8.368619444444445
2025-12-20,25.4,21.7,5.2,5.2,9.009886111111111
2025-12-21,25.1,22.4,23.8,23.8,5.825336111111111
2025-12-22,25.9,21.8,10.5,10.5,7.333377777777778
2025-12-23,26.4,21.5,2.4,2.4,10.366016666666667
2025-12-24,25.8,21.1,2.2,2.2,9.34698611111111
2025-12-25,24.5,21.0,13.4,13.4,1.2891555555555556
2025-12-26,21.3,20.1,17.8,17.8,0.0
2025-12-27,22.5,19.6,3.4,3.4,5.234858333333333
2025-12-28,23.5,20.0,3.1,3.1,9.235322222222223
2025-12-29,24.5,20.5,4.0,4.0,9.500350000000001
2025-12-30,24.8,19.9,1.5,1.5,9.844916666666666
2025-12-31,25.0,19.1,0.0,0.0,10.531058333333332
2026-01-01,25.8,18.0,0.0,0.0,10.606627777777778
2026-01-02,24.5,19.8,4.9,4.9,8.659699999999999
2026-01-03,23.8,19.9,7.3,7.3,9.680052777777778
2026-01-04,24.1,18.6,1.9,1.9,9.735088888888889
2026-01-05,25.0,20.4,2.2,2.2,8.0
2026-01-06,23.7,19.9,2.4,2.4,4.704938888888889
2026-01-07,20.5,18.3,11.7,11.7,0.0
2026-01-08,21.7,17.7,4.1,4.1,8.979661111111112
2026-01-09,22.1,16.8,0.6,0.6,10.316605555555554
2026-01-10,22.5,17.0,0.1,0.1,9.433102777777778
2026-01-11,23.4,18.0,0.0,0.0,10.452508333333332
2026-01-12,23.5,15.9,0.0,0.0,10.063258333333334
2026-01-13,24.1,18.0,0.0,0.0,10.370525
2026-01-14,23.9,17.7,0.2,0.2,10.0
2026-01-15,24.9,19.0,0.0,0.0,10.215772222222222
2026-01-16,26.1,17.9,0.0,0.0,10.714463888888888
2026-01-17,25.0,18.9,0.0,0.0,10.493077777777778
2026-01-18,25.5,18.5,0.1,0.1,10.414791666666666
2026-01-19,26.5,18.5,0.0,0.0,10.695541666666665
2026-01-20,25.5,18.8,0.6,0.6,10.546002777777778
2026-01-21,25.4,18.5,1.2,1.2,10.539783333333334
2026-01-22,24.5,19.3,3.4,3.4,9.862180555555556
2026-01-23,23.7,19.4,3.9,3.9,8.087566666666667
2026-01-24,24.1,19.2,2.8,2.8,9.592802777777777
2026-01-25,24.5,18.1,0.4,0.4,10.5127
2026-01-26,25.3,19.0,1.3,1.3,10.647272222222222
2026-01-27,25.3,19.2,2.3,2.3,8.048538888888888
2026-01-28,24.2,19.6,3.2,3.2,10.13788888888889
2026-01-29,24.8,19.2,1.0,1.0,10.694572222222222
2026-01-30,26.1,17.9,0.2,0.2,11.10876111111111
2026-01-31,25.8,19.5,0.1,0.1,10.748675
2026-02-01,22.9,20.1,5.1,5.1,2.81905
2026-02-02,22.6,19.5,8.2,8.2,3.4823749999999998
2026-02-03,24.5,19.9,1.1,1.1,7.910675
2026-02-04,25.0,19.2,0.6,0.6,10.575291666666667
2026-02-05,27.0,19.4,0.0,0.0,10.7759
2026-02-06,26.1,20.0,0.0,0.0,11.045316666666666
2026-02-07,26.4,21.0,0.1,0.1,10.480758333333334
2026-02-08,25.2,21.1,3.2,3.2,10.35635277777778
2026-02-09,24.0,20.1,8.2,8.2,10.256522222222223
2026-02-10,25.3,19.7,1.0,1.0,11.013461111111111
2026-02-11,25.5,19.4,0.7,0.7,10.476116666666666
2026-02-12,25.3,21.1,1.2,1.2,10.949719444444444
2026-02-13,26.2,20.1,0.1,0.1,11.364533333333334
2026-02-14,26.2,19.8,0.1,0.1,10.885072222222222
2026-02-15,27.0,19.0,0.0,0.0,10.886697222222223
2026-02-16,27.5,21.8,0.0,0.0,10.952502777777779
2026-02-17,27.0,22.8,4.6,4.6,10.327772222222222
2026-02-18,25.1,22.4,3.2,3.2,7.477388888888888
2026-02-19,25.5,21.7,2.3,2.3,10.787633333333334
2026-02-20,25.8,21.6,0.9,0.9,11.186772222222222
2026-02-21,26.4,18.9,0.1,0.1,11.50261388888889
2026-02-22,26.8,20.2,0.0,0.0,11.54063611111111
2026-02-23,28.0,23.2,0.1,0.1,11.025777777777778
2026-02-24,27.5,22.6,0.0,0.0,11.228283333333334
2026-02-25,27.5,21.5,0.0,0.0,11.15951111111111
2026-02-26,27.6,23.2,0.3,0.3,7.617130555555555
2026-02-27,27.1,23.7,8.5,8.5,0.29522777777777776
2026-02-28,29.3,22.8,0.0,0.0,11.311602777777777
2026-03-01,29.9,23.5,0.0,0.0,11.167405555555556
2026-03-02,30.4,23.9,0.0,0.0,11.023541666666667
2026-03-03,31.5,24.5,6.2,6.2,10.05423888888889
2026-03-04,27.2,23.1,9.6,9.6,9.87106111111111
2026-03-05,25.8,22.6,2.0,2.0,7.706022222222222
2026-03-06,24.9,22.0,10.0,10.0,5.901705555555555
2026-03-07,26.1,22.0,1.9,1.9,11.514727777777777
2026-03-08,26.8,21.2,3.4,3.4,10.938461111111112
2026-03-09,26.0,21.5,11.1,11.1,9.437913888888888
2026-03-10,23.9,21.6,16.3,16.3,9.734669444444444
2026-03-11,24.9,20.8,3.6,3.6,11.010880555555556
2026-03-12,24.6,21.0,7.0,7.0,1.6941000000000002
2026-03-13,24.6,21.5,15.3,15.3,2.976141666666667
2026-03-14,24.9,21.1,6.7,6.7,1.5550833333333334
2026-03-15,25.5,20.2,1.6,1.6,8.592894444444443
2026-03-16,25.5,20.2,2.8,2.8,11.218452777777777
2026-03-17,26.9,20.2,0.0,0.0,11.898377777777778
2026-03-18,26.8,21.2,0.0,0.0,11.90113888888889
2026-03-19,26.9,20.5,0.0,0.0,11.903886111111111
2026-03-20,27.2,20.8,0.0,0.0,11.90663611111111
2026-03-21,27.5,20.7,0.3,0.3,11.909394444444445
2026-03-22,27.5,23.0,0.0,0.0,11.608719444444445
2026-03-23,27.8,23.0,0.0,0.0,11.647444444444446
2026-03-24,28.0,20.9,0.0,0.0,11.917708333333334
2026-03-25,28.5,21.6,0.1,0.1,11.709775
2026-03-26,28.6,22.8,0.0,0.0,11.688391666666666
2026-03-27,30.0,21.8,0.0,0.0,11.51865
2026-03-28,30.6,22.5,0.0,0.0,11.927944444444444
2026-03-29,30.9,23.1,0.0,0.0,11.930386111111112
2026-03-30,31.7,24.0,0.0,0.0,11.515927777777776
2026-03-31,35.4,23.5,0.0,0.0,11.935197222222222
2026-04-01,32.2,24.2,0.0,0.0,11.937594444444443
2026-04-02,31.5,24.2,0.0,0.0,11.939991666666668
2026-04-03,32.0,24.3,0.0,0.0,11.942408333333333
2026-04-04,39.0,24.5,0.0,0.0,11.94485
